{
  "accuracy": 0.5059523809523809,
  "f1": 0.4218905472636816,
  "auc": 0.5079987271464939
}