{
  "accuracy": 0.58059523809523809,
  "f1": 0.4218905472636816,
  "auc": 0.5279987271464939
}