{
  "val_accuracy": 0.5017006802721088,
  "val_f1": 0.42209072978303747
}